{"type":"Sprite","props":{"y":0,"x":0,"texture":"test/c2.png","presetID":1,"name":"buttle","isPresetRoot":true,"group":-2},"compId":1,"child":[{"type":"Script","props":{"radius":15,"presetID":2,"label":"buttle","isSensor":true,"runtime":"laya.physics.CircleCollider"},"compId":2},{"type":"Script","props":{"type":"kinematic","presetID":3,"group":-2,"runtime":"laya.physics.RigidBody"},"compId":3},{"type":"Script","props":{"presetID":4,"runtime":"../../../../../../../Applications/LayaAirIDE_beta.app/Contents/Resources/app/out/vs/layaEditor/src/script/Bullet.ts"},"compId":6}],"loadList":["test/c2.png"],"loadList3D":[]}