{"res/atlas/bg.atlas":["bg/",["1.png","10.png","11.png","12.png","13.png","14.png","15.png","16.png","17.png","18.png","19.png","2.png","20.png","21.png","22.png","23.png","24.png","25.png","26.png","27.png","28.png","29.png","3.png","30.png","31.png","32.png","33.png","34.png","35.png","4.png","5.png","6.png","7.png","8.png","9.png","wbg1.png"]],"res/atlas/comp.atlas":["comp/",["blank.png","btn_close.png","button.png","checkbox.png","clip_num.png","clip_selectBox.png","clip_tree_arrow.png","clip_tree_folder.png","combobox.png","hscroll$bar.png","hscroll$down.png","hscroll$up.png","hscroll.png","hslider$bar.png","hslider.png","html.png","image.png","img_bg.png","label.png","linkbutton.png","progress$bar.png","progress.png","radio.png","radiogroup.png","tab.png","textarea.png","textinput.png","vscroll$bar.png","vscroll$down.png","vscroll$up.png","vscroll.png","vslider$bar.png","vslider.png"]],"res/atlas/end/0.atlas":["end/0/",["star_show0001.png","star_show0002.png","star_show0003.png","star_show0004.png","star_show0005.png","star_show0006.png","star_show0007.png","star_show0008.png","star_show0009.png","star_show0010.png","star_show0011.png","star_show0012.png","star_show0013.png"]],"res/atlas/end/00.atlas":["end/00/",["bei0001.png","bei0002.png","bei0003.png","bei0004.png","bei0005.png","bei0006.png","bei0007.png","bei0008.png","bei0009.png"]],"res/atlas/end/1.atlas":["end/1/",["star_show0001.png","star_show0002.png","star_show0003.png","star_show0004.png","star_show0005.png","star_show0006.png","star_show0007.png","star_show0008.png","star_show0009.png","star_show0010.png","star_show0011.png","star_show0012.png","star_show0013.png"]],"res/atlas/end/2.atlas":["end/2/",["star_show0001.png","star_show0002.png","star_show0003.png","star_show0004.png","star_show0005.png","star_show0006.png","star_show0007.png","star_show0008.png","star_show0009.png","star_show0010.png","star_show0011.png","star_show0012.png","star_show0013.png"]],"res/atlas/end/3.atlas":["end/3/",["star_show0001.png","star_show0002.png","star_show0003.png","star_show0004.png","star_show0005.png","star_show0006.png","star_show0007.png","star_show0008.png","star_show0009.png","star_show0010.png","star_show0011.png","star_show0012.png","star_show0013.png"]],"res/atlas/load.atlas":["load/",["图层 1.png","图层 10.png","图层 11.png","图层 12.png","图层 13.png","图层 14.png","图层 15.png","图层 16.png","图层 17.png","图层 18.png","图层 19.png","图层 2.png","图层 20.png","图层 21.png","图层 22.png","图层 23.png","图层 24.png","图层 25.png","图层 26.png","图层 27.png","图层 28.png","图层 29.png","图层 3.png","图层 4.png","图层 5.png","图层 6.png","图层 7.png","图层 8.png","图层 9.png"]],"res/atlas/long/longSWF.atlas":["long/longSWF/",["xiaolong0001.png","xiaolong0002.png","xiaolong0003.png","xiaolong0004.png","xiaolong0005.png","xiaolong0006.png","xiaolong0007.png","xiaolong0008.png","xiaolong0009.png","xiaolong0010.png","xiaolong0011.png","xiaolong0012.png","xiaolong0013.png","xiaolong0014.png","xiaolong0015.png","xiaolong0016.png","xiaolong0017.png","xiaolong0018.png","xiaolong0019.png","xiaolong0020.png","xiaolong0021.png","xiaolong0022.png","xiaolong0023.png","xiaolong0024.png","xiaolong0025.png","xiaolong0026.png","xiaolong0027.png","xiaolong0028.png","xiaolong0029.png","xiaolong0030.png","xiaolong0031.png","xiaolong0032.png","xiaolong0033.png","xiaolong0034.png","xiaolong0035.png","xiaolong0036.png","xiaolong0037.png","xiaolong0038.png","xiaolong0039.png","xiaolong0040.png","xiaolong0041.png","xiaolong0042.png","xiaolong0043.png","xiaolong0044.png","xiaolong0045.png","xiaolong0046.png","xiaolong0047.png","xiaolong0048.png","xiaolong0049.png","xiaolong0050.png","xiaolong0051.png","xiaolong0052.png","xiaolong0053.png","xiaolong0054.png","xiaolong0055.png","xiaolong0056.png","xiaolong0057.png","xiaolong0058.png","xiaolong0059.png","xiaolong0060.png","xiaolong0061.png","xiaolong0062.png","xiaolong0063.png","xiaolong0064.png","xiaolong0065.png","xiaolong0066.png","xiaolong0067.png","xiaolong0068.png","xiaolong0069.png","xiaolong0070.png","xiaolong0071.png","xiaolong0072.png","xiaolong0073.png","xiaolong0074.png","xiaolong0075.png","xiaolong0076.png","xiaolong0077.png","xiaolong0078.png","xiaolong0079.png","xiaolong0080.png","xiaolong0081.png","xiaolong0082.png","xiaolong0083.png","xiaolong0084.png","xiaolong0085.png","xiaolong0086.png","xiaolong0087.png","xiaolong0088.png","xiaolong0089.png","xiaolong0090.png","xiaolong0258.png","xiaolong0259.png","xiaolong0260.png","xiaolong0261.png","xiaolong0262.png","xiaolong0263.png","xiaolong0264.png","xiaolong0265.png","xiaolong0266.png"]],"res/atlas/long.atlas":["long/",["1-1.png","1-2.png","1-3.png","1-4.png","2-1.png","2-2.png","2-3.png","2-4.png","bad.png","bg1.png","long.png","m1.png","m2.png","m3.png","m4.png","perfect.png"]],"res/atlas/ship/bad/bul.atlas":["ship/bad/bul/",["1.png","2.png","3.png","4.png","5.png"]],"res/atlas/ship/bad/gre.atlas":["ship/bad/gre/",["1.png","2.png","3.png","4.png","5.png"]],"res/atlas/ship/bad/red.atlas":["ship/bad/red/",["1.png","2.png","3.png","4.png","5.png"]],"res/atlas/ship/bad/yel.atlas":["ship/bad/yel/",["1.png","2.png","3.png","4.png","5.png"]],"res/atlas/ship/go/bul.atlas":["ship/go/bul/",["1.png","2.png","3.png","4.png","5.png"]],"res/atlas/ship/go/gre.atlas":["ship/go/gre/",["1.png","2.png","3.png","4.png","5.png"]],"res/atlas/ship/go/red.atlas":["ship/go/red/",["1.png","2.png","3.png","4.png","5.png"]],"res/atlas/ship/go/yel.atlas":["ship/go/yel/",["1.png","2.png","3.png","4.png","5.png"]],"res/atlas/ship/ok/bul.atlas":["ship/ok/bul/",["1.png","2.png","3.png","4.png","5.png"]],"res/atlas/ship/ok/gre.atlas":["ship/ok/gre/",["1.png","2.png","3.png","4.png","5.png"]],"res/atlas/ship/ok/red.atlas":["ship/ok/red/",["1.png","2.png","3.png","4.png","5.png"]],"res/atlas/ship/ok/yel.atlas":["ship/ok/yel/",["1.png","2.png","3.png","4.png","5.png"]],"res/atlas/ship/shop/bul.atlas":["ship/shop/bul/",["1.png","2.png","3.png","4.png","5.png"]],"res/atlas/ship/shop/gre.atlas":["ship/shop/gre/",["1.png","2.png","3.png","4.png","5.png"]],"res/atlas/ship/shop/red.atlas":["ship/shop/red/",["1.png","2.png","3.png","4.png","5.png"]],"res/atlas/ship/shop/yel.atlas":["ship/shop/yel/",["1.png","2.png","3.png","4.png","5.png"]],"res/atlas/ship.atlas":["ship/",["1.png","2.png","bad.png","perfect.png"]],"res/atlas/test.atlas":["test/",["b1.png","b2.png","block.png","c1.png","c2.png","p1.png","t1.png","tra.png"]]}